Date,Open,High,Low,Close,Volume,MA_7,MA_30,Year,Month,Daily Return
2025-07-28 15:30:00,1392.3,1407.8,1385.0,1387.6,7748361,,,2025,July,
2025-07-29 15:30:00,1383.0,1420.2,1383.0,1417.1,10750072,,,2025,July,0.021259729028538565
2025-07-30 15:30:00,1418.1,1423.3,1401.3,1410.1,7209849,,,2025,July,-0.004939665514078095
2025-07-31 15:30:00,1388.1,1402.6,1382.2,1390.2,17065827,,,2025,July,-0.014112474292603316
2025-08-01 15:30:00,1386.9,1405.9,1384.3,1393.7,10321171,,,2025,August,0.0025176233635448853
2025-08-04 15:30:00,1395.1,1416.1,1391.7,1411.5,6312820,,,2025,August,0.012771758628112195
2025-08-05 15:30:00,1411.0,1411.0,1388.1,1391.7,9315972,1400.2714285714285,,2025,August,-0.01402763018065889
2025-08-06 15:30:00,1391.9,1395.9,1383.3,1392.8,5834312,1401.0142857142855,,2025,August,0.0007904002299345958
2025-08-07 15:30:00,1387.7,1393.7,1366.0,1389.4,9976705,1397.0571428571432,,2025,August,-0.0024411257897758443
2025-08-08 15:30:00,1385.0,1397.2,1365.0,1367.8,8793606,1391.0142857142857,,2025,August,-0.015546278969339355
2025-08-11 15:30:00,1370.0,1388.0,1361.2,1386.2,9997486,1390.4428571428573,,2025,August,0.01345225910220793
2025-08-12 15:30:00,1381.9,1401.9,1375.2,1380.4,12244664,1388.5428571428572,,2025,August,-0.004184100418409997
2025-08-13 15:30:00,1388.0,1391.8,1377.5,1382.6,7457021,1384.4142857142856,,2025,August,0.0015937409446535877
2025-08-14 15:30:00,1377.3,1380.7,1370.1,1373.8,7126128,1381.857142857143,,2025,August,-0.006364819904527641
2025-08-18 15:30:00,1390.0,1394.9,1377.0,1381.7,11785109,1380.2714285714287,,2025,August,0.005750473140195167
2025-08-19 15:30:00,1390.0,1421.0,1389.1,1420.1,14384719,1384.6571428571426,,2025,August,0.02779185061880285
2025-08-20 15:30:00,1413.0,1424.9,1410.0,1413.0,8725641,1391.1142857142856,,2025,August,-0.004999647912118821
2025-08-21 15:30:00,1425.0,1431.9,1420.3,1424.8,11021323,1396.6285714285714,,2025,August,0.008351026185421162
2025-08-22 15:30:00,1420.0,1423.4,1407.9,1409.2,5818868,1400.7428571428572,,2025,August,-0.010948905109488982
2025-08-25 15:30:00,1414.7,1419.5,1405.7,1412.6,5979407,1405.0285714285712,,2025,August,0.002412716434856632
2025-08-26 15:30:00,1408.0,1410.0,1381.6,1384.9,12145259,1406.6142857142856,,2025,August,-0.019609231204870348
2025-08-28 15:30:00,1389.9,1392.2,1366.5,1385.9,13161813,1407.2142857142858,,2025,August,0.0007220737959419132
2025-08-29 15:30:00,1381.1,1403.5,1350.0,1357.2,18758842,1398.2285714285715,,2025,August,-0.020708564831517506
2025-09-01 15:30:00,1356.0,1363.2,1340.6,1353.9,11232238,1389.7857142857142,,2025,September,-0.0024314765694075646
2025-09-02 15:30:00,1354.8,1384.5,1354.5,1366.5,11517006,1381.457142857143,,2025,September,0.009306448038998383
2025-09-03 15:30:00,1369.7,1376.5,1360.5,1372.6,7847563,1376.2285714285713,,2025,September,0.0044639590193924494
2025-09-04 15:30:00,1371.8,1374.0,1357.1,1359.3,13223177,1368.6142857142859,,2025,September,-0.00968964009908202
2025-09-05 15:30:00,1363.0,1381.0,1359.3,1375.0,5777575,1367.2000000000003,,2025,September,0.011550062532185823
2025-09-08 15:30:00,1380.0,1386.0,1372.4,1378.5,6986720,1366.142857142857,,2025,September,0.0025454545454546285
2025-09-09 15:30:00,1376.6,1381.2,1368.7,1376.2,9754452,1368.857142857143,1388.21,2025,September,-0.0016684802321363934
2025-09-10 15:30:00,1383.9,1388.5,1374.1,1377.0,7790815,1372.1571428571426,1387.8566666666668,2025,September,0.0005813108559802327
2025-09-11 15:30:00,1376.0,1385.5,1375.0,1383.3,9766072,1374.5571428571427,1386.73,2025,September,0.004575163398692794
2025-09-12 15:30:00,1383.3,1396.3,1380.5,1395.0,7403368,1377.757142857143,1386.2266666666665,2025,September,0.008458035133376729
2025-09-15 15:30:00,1393.0,1400.8,1388.6,1399.3,5396697,1383.4714285714285,1386.53,2025,September,0.003082437275985672
2025-09-16 15:30:00,1404.7,1408.0,1398.2,1405.3,8686961,1387.7999999999997,1386.9166666666667,2025,September,0.004287858214821805
2025-09-17 15:30:00,1407.0,1416.2,1406.9,1413.8,7519417,1392.8428571428572,1386.9933333333333,2025,September,0.006048530562869248
2025-09-18 15:30:00,1420.4,1422.0,1410.7,1415.0,9332642,1398.3857142857144,1387.77,2025,September,0.0008487763474325227
2025-09-19 15:30:00,1414.9,1417.0,1403.6,1407.4,13461373,1402.7285714285715,1388.256666666667,2025,September,-0.005371024734982299
2025-09-22 15:30:00,1403.9,1410.7,1388.0,1390.6,7757970,1403.7714285714285,1388.2966666666666,2025,September,-0.011936904931078685
2025-09-23 15:30:00,1391.0,1395.0,1376.8,1389.8,14014702,1403.0285714285712,1389.03,2025,September,-0.0005752912411908229
2025-09-24 15:30:00,1385.3,1396.0,1380.4,1383.0,5922759,1400.7,1388.9233333333334,2025,September,-0.004892790329543817
2025-09-25 15:30:00,1381.3,1384.5,1369.0,1372.4,11411143,1396.0,1388.6566666666665,2025,September,-0.007664497469269671
2025-09-26 15:30:00,1372.0,1382.7,1366.0,1377.6,9879109,1390.8285714285714,1388.4900000000002,2025,September,0.0037889828038470963
2025-09-29 15:30:00,1381.6,1389.0,1368.0,1372.8,14231999,1384.8,1388.4566666666665,2025,September,-0.0034843205574912606
2025-09-30 15:30:00,1377.1,1377.1,1362.8,1364.0,14604684,1378.6000000000001,1387.8666666666666,2025,September,-0.0064102564102563875
2025-10-01 15:30:00,1367.0,1378.6,1362.7,1368.7,12045916,1375.4714285714285,1386.1533333333334,2025,October,0.003445747800586485
2025-10-03 15:30:00,1363.2,1371.6,1356.9,1363.4,12842347,1371.7000000000003,1384.5,2025,October,-0.003872287572148747
2025-10-06 15:30:00,1360.0,1377.4,1359.0,1375.0,12396580,1370.5571428571432,1382.84,2025,October,0.008508141411177839
2025-10-07 15:30:00,1376.0,1395.9,1375.9,1384.8,11244040,1372.3285714285714,1382.0266666666669,2025,October,0.007127272727272649
2025-10-08 15:30:00,1384.8,1389.0,1364.5,1367.4,8525081,1370.8714285714286,1380.52,2025,October,-0.012564991334488629
2025-10-09 15:30:00,1374.0,1380.0,1369.1,1377.8,8826633,1371.5857142857142,1380.2833333333333,2025,October,0.007605675003656387
2025-10-10 15:30:00,1377.8,1388.0,1375.1,1381.7,6373084,1374.1142857142856,1380.1433333333334,2025,October,0.0028305995064596967
2025-10-13 15:30:00,1376.9,1377.7,1367.8,1375.0,7600682,1375.0142857142857,1380.7366666666667,2025,October,-0.004849098936093199
2025-10-14 15:30:00,1380.0,1388.0,1370.1,1375.9,9768174,1376.8,1381.4700000000003,2025,October,0.0006545454545454632
2025-10-15 15:30:00,1383.0,1384.0,1372.7,1374.3,10882743,1376.7,1381.73,2025,October,-0.001162875208954195
2025-10-16 15:30:00,1375.1,1400.5,1375.0,1398.3,12315932,1378.6285714285714,1382.5866666666666,2025,October,0.01746343593101951
2025-10-17 15:30:00,1401.0,1423.3,1399.1,1416.8,19335561,1385.685714285714,1384.5033333333333,2025,October,0.013230351140670837
2025-10-20 15:30:00,1440.0,1473.8,1433.3,1466.8,24721978,1398.4,1387.5633333333333,2025,October,0.03529079616036146
2025-10-21 15:30:00,1468.0,1474.0,1460.0,1465.2,2066169,1410.3285714285714,1390.4533333333334,2025,October,-0.0010908099263702287
2025-10-23 15:30:00,1475.0,1482.9,1444.6,1448.4,18707090,1420.814285714286,1392.86,2025,October,-0.01146601146601145
2025-10-24 15:30:00,1450.0,1459.8,1441.0,1451.6,9700837,1431.6285714285716,1395.3466666666666,2025,October,0.002209334438000532
2025-10-27 15:30:00,1463.0,1485.0,1458.0,1484.1,14113867,1447.3142857142855,1398.7066666666667,2025,October,0.022389087903003535
2025-10-28 15:30:00,1484.1,1492.0,1477.6,1486.9,17631577,1459.9714285714285,1401.77,2025,October,0.001886665319048797
2025-10-29 15:30:00,1490.0,1508.3,1488.1,1504.2,11884745,1472.457142857143,1405.2666666666667,2025,October,0.011634945187974921
2025-10-30 15:30:00,1500.0,1503.1,1484.0,1488.5,9318663,1475.5571428571427,1408.0400000000002,2025,October,-0.01043744182954398
2025-10-31 15:30:00,1490.4,1497.5,1482.3,1486.4,8758053,1478.5857142857144,1410.46,2025,October,-0.0014108162579777872
2025-11-03 15:30:00,1486.0,1495.0,1479.3,1484.7,8452085,1483.7714285714285,1412.7833333333333,2025,November,-0.0011437029063509074
2025-11-04 15:30:00,1483.9,1492.8,1470.1,1473.1,10007806,1486.8428571428572,1414.9733333333331,2025,November,-0.007813026200579332
2025-11-06 15:30:00,1484.0,1501.6,1476.2,1496.1,16772678,1488.5571428571432,1418.49,2025,November,0.015613332428212612
2025-11-07 15:30:00,1494.6,1498.4,1475.9,1478.0,7821765,1487.2857142857142,1421.4299999999998,2025,November,-0.012098121783303162
2025-11-10 15:30:00,1477.9,1501.0,1475.5,1489.3,7068438,1485.1571428571428,1424.9733333333331,2025,November,0.007645466847090665
2025-11-11 15:30:00,1497.0,1498.8,1480.2,1493.4,7127506,1485.857142857143,1429.006666666667,2025,November,0.0027529711945211144
2025-11-12 15:30:00,1505.0,1524.7,1500.0,1511.5,12384459,1489.4428571428573,1433.47,2025,November,0.012119994643096321
2025-11-13 15:30:00,1515.0,1522.1,1506.8,1510.9,7196443,1493.185714285714,1438.0733333333335,2025,November,-0.00039695666556394116
2025-11-14 15:30:00,1505.5,1520.9,1505.5,1518.9,7682823,1499.7285714285715,1443.2366666666667,2025,November,0.0052948573697795265
2025-11-17 15:30:00,1520.9,1523.7,1511.5,1518.3,5871416,1502.8999999999999,1448.2233333333331,2025,November,-0.00039502271380609244
2025-11-18 15:30:00,1521.7,1527.8,1510.5,1519.4,11045042,1508.8142857142855,1453.4233333333334,2025,November,0.0007244945004281078
2025-11-19 15:30:00,1517.4,1522.3,1512.0,1518.9,5692366,1513.042857142857,1458.2200000000003,2025,November,-0.0003290772673423259
2025-11-20 15:30:00,1530.0,1550.9,1526.7,1549.1,18171724,1521.0,1463.6966666666667,2025,November,0.01988280992823732
2025-11-21 15:30:00,1541.0,1557.8,1540.1,1546.6,9615271,1526.0142857142857,1469.6699999999998,2025,November,-0.0016138402943645103
2025-11-24 15:30:00,1550.0,1550.0,1531.8,1535.9,18433951,1529.5857142857144,1474.94,2025,November,-0.0069184016552436
2025-11-25 15:30:00,1535.9,1559.6,1525.1,1539.7,15033482,1532.5571428571427,1480.2066666666665,2025,November,0.0024741194088155893
2025-11-26 15:30:00,1542.3,1571.6,1540.5,1569.9,14054299,1539.9285714285713,1486.7033333333334,2025,November,0.019614210560498835
2025-11-27 15:30:00,1575.0,1575.5,1556.0,1563.4,9794643,1546.2142857142858,1492.9533333333334,2025,November,-0.004140391107713914
2025-11-28 15:30:00,1568.0,1581.3,1563.0,1567.5,8959508,1553.1571428571426,1499.3933333333334,2025,November,0.0026224894460789017
2025-12-01 15:30:00,1575.0,1577.5,1563.6,1566.1,8920233,1555.5857142857144,1504.9866666666667,2025,December,-0.0008931419457736123
2025-12-02 15:30:00,1561.1,1567.5,1542.0,1546.3,11389150,1555.542857142857,1509.3033333333335,2025,December,-0.012642870825617769
2025-12-03 15:30:00,1545.2,1552.4,1533.0,1538.8,6090883,1555.957142857143,1511.7033333333334,2025,December,-0.004850287783741858
2025-12-04 15:30:00,1536.0,1560.5,1517.6,1535.6,11867930,1555.3714285714286,1514.05,2025,December,-0.0020795425006499
2025-12-05 15:30:00,1530.4,1545.8,1520.6,1540.6,10183266,1551.185714285714,1517.1233333333334,2025,December,0.0032560562646521962
2025-12-08 15:30:00,1539.2,1551.0,1535.0,1543.0,11301491,1548.2714285714285,1520.1700000000003,2025,December,0.001557834609892339
2025-12-09 15:30:00,1540.3,1542.5,1520.1,1529.4,11503971,1542.8285714285716,1521.6799999999998,2025,December,-0.008813998703823711
2025-12-10 15:30:00,1534.0,1547.5,1531.4,1536.9,7991629,1538.6571428571428,1523.3466666666668,2025,December,0.004903883876029802
2025-12-11 15:30:00,1536.9,1550.0,1524.0,1545.0,4706197,1538.4714285714285,1524.7066666666665,2025,December,0.005270349404645547
2025-12-12 15:30:00,1550.8,1559.8,1546.1,1556.5,5106655,1541.0,1526.9733333333331,2025,December,0.007443365695792847
2025-12-15 15:30:00,1551.2,1558.6,1546.5,1556.2,5774543,1543.9428571428568,1529.3,2025,December,-0.00019274012206871305
2025-12-16 15:30:00,1545.0,1551.7,1538.8,1542.3,11731856,1544.1857142857145,1531.22,2025,December,-0.008932013879964118
2025-12-17 15:30:00,1550.0,1550.0,1539.3,1544.4,7116649,1544.3857142857144,1533.5966666666668,2025,December,0.0013616028010114967
2025-12-18 15:30:00,1535.2,1551.5,1535.2,1544.4,6580829,1546.5285714285712,1535.2066666666667,2025,December,0.0
2025-12-19 15:30:00,1554.4,1574.2,1551.0,1565.1,13937275,1550.5571428571427,1538.1100000000001,2025,December,0.013403263403263255
2025-12-22 15:30:00,1573.5,1577.5,1565.3,1575.4,10184852,1554.8999999999999,1540.98,2025,December,0.006581049134240846
2025-12-23 15:30:00,1580.9,1580.9,1568.1,1570.7,7506564,1556.9285714285713,1543.5566666666666,2025,December,-0.0029833693030342223
2025-12-24 15:30:00,1572.7,1575.7,1553.6,1558.2,8815745,1557.2142857142858,1545.1133333333335,2025,December,-0.007958235181766082
2025-12-26 15:30:00,1554.7,1561.0,1554.3,1559.2,2311495,1559.6285714285714,1546.7233333333331,2025,December,0.0006417661404183317
2025-12-29 15:30:00,1554.9,1558.1,1543.6,1545.6,5972105,1559.8,1547.6133333333335,2025,December,-0.008722421754746135
2025-12-30 15:30:00,1547.0,1553.6,1537.8,1539.8,8815884,1559.142857142857,1548.3300000000002,2025,December,-0.0037525879917184035
2025-12-31 15:30:00,1541.0,1577.0,1541.0,1570.4,5771830,1559.9,1550.03,2025,December,0.019872710741654753
2026-01-01 15:30:00,1573.7,1592.5,1571.1,1575.6,6408128,1559.9285714285713,1551.9199999999998,2026,January,0.0033112582781456013
2026-01-02 15:30:00,1580.0,1594.6,1578.2,1592.3,6602230,1563.0142857142857,1553.36,2026,January,0.010599136836760614
2026-01-05 15:30:00,1593.0,1611.8,1575.3,1578.1,8704973,1565.857142857143,1554.41,2026,January,-0.008917917477862192
2026-01-06 15:30:00,1569.0,1569.0,1496.3,1507.6,27417125,1558.4857142857143,1553.4666666666667,2026,January,-0.044673975033267865
2026-01-07 15:30:00,1510.0,1520.0,1498.0,1504.2,11199340,1552.5714285714287,1552.2833333333333,2026,January,-0.002255240116741719
2026-01-08 15:30:00,1500.0,1503.9,1468.8,1470.6,16518684,1542.6857142857145,1548.9733333333331,2026,January,-0.02233745512564822
2026-01-09 15:30:00,1465.0,1479.9,1465.0,1475.3,8335311,1529.1,1546.0366666666666,2026,January,0.0031959744322045402
2026-01-12 15:30:00,1475.3,1485.3,1451.0,1483.2,8883745,1515.9,1543.2266666666665,2026,January,0.005354843082762795
2026-01-13 15:30:00,1485.0,1485.8,1444.7,1452.8,13499760,1495.9714285714285,1539.45,2026,January,-0.02049622437971954
2026-01-14 15:30:00,1444.0,1467.0,1440.2,1458.8,8321764,1478.9285714285713,1536.5333333333333,2026,January,0.00412995594713661
2026-01-16 15:30:00,1458.8,1480.0,1455.1,1457.9,17167161,1471.8285714285716,1533.8366666666666,2026,January,-0.0006169454346036662
2026-01-19 15:30:00,1450.6,1450.6,1403.3,1413.6,20392765,1458.8857142857141,1529.7700000000002,2026,January,-0.030386171891076286
2026-01-20 15:30:00,1410.7,1416.0,1390.0,1394.0,13189498,1447.9428571428568,1524.8833333333334,2026,January,-0.013865308432371215
2026-01-21 15:30:00,1389.5,1412.9,1373.0,1404.6,17352720,1437.8428571428572,1520.27,2026,January,0.007604017216642722
2026-01-22 15:30:00,1410.1,1419.5,1395.0,1402.5,15721693,1426.3142857142855,1516.0400000000002,2026,January,-0.0014950875694147436
2026-01-23 15:30:00,1401.8,1407.0,1381.0,1386.1,9837802,1416.7857142857142,1511.0133333333333,2026,January,-0.011693404634581128
2026-01-27 15:30:00,1380.0,1391.6,1368.0,1380.5,26302396,1405.6000000000001,1505.53,2026,January,-0.004040112545992236
2026-01-28 15:30:00,1385.0,1409.9,1384.9,1396.7,11121657,1396.857142857143,1500.2033333333334,2026,January,0.011734878667149617
2026-01-29 15:30:00,1402.9,1402.9,1384.0,1391.0,20846683,1393.6285714285716,1494.6966666666665,2026,January,-0.004081048185007541
2026-01-30 15:30:00,1382.6,1398.0,1378.5,1395.4,11239835,1393.8285714285716,1489.8,2026,January,0.003163191948238664
2026-02-02 15:30:00,1340.0,1392.9,1335.5,1390.4,15711165,1391.8,1484.6666666666667,2026,February,-0.0035832019492618716
2026-02-03 15:30:00,1473.9,1489.5,1430.2,1437.1,25456171,1396.7428571428572,1481.09,2026,February,0.0335874568469503
2026-02-04 15:30:00,1444.0,1464.0,1440.3,1456.8,8333387,1406.8428571428572,1477.48,2026,February,0.01370816227124072
2026-02-05 15:30:00,1457.0,1461.5,1439.5,1443.4,11763658,1415.8285714285714,1473.0800000000002,2026,February,-0.009198242723778005
2026-02-06 15:30:00,1441.5,1452.8,1433.5,1450.8,8277304,1423.5571428571427,1469.0833333333333,2026,February,0.0051267839822639605
2026-02-09 15:30:00,1458.0,1465.9,1453.0,1461.6,5775864,1433.642857142857,1465.8633333333332,2026,February,0.007444168734491274
2026-02-10 15:30:00,1471.0,1471.0,1452.2,1458.5,10259630,1442.6571428571426,1462.5066666666667,2026,February,-0.002120963327859826
2026-02-11 15:30:00,1459.6,1470.0,1453.6,1468.7,7106877,1453.8428571428572,1459.9433333333334,2026,February,0.006993486458690468
2026-02-12 15:30:00,1470.0,1473.0,1445.5,1448.9,11135399,1455.5285714285712,1456.9133333333334,2026,February,-0.013481310002042557
2026-02-13 15:30:00,1445.5,1450.7,1416.3,1419.6,10755693,1450.2142857142858,1451.8866666666665,2026,February,-0.02022223755952801
2026-02-16 15:30:00,1420.1,1439.6,1409.3,1437.1,5896514,1449.314285714286,1447.27,2026,February,0.012327416173570027
2026-02-17 15:30:00,1431.1,1431.8,1418.6,1423.0,10731630,1445.3428571428572,1441.6266666666668,2026,February,-0.00981142578804528
2026-02-18 15:30:00,1427.0,1442.1,1419.2,1441.3,5521096,1442.4428571428568,1437.0666666666666,2026,February,0.012860154602951424
2026-02-19 15:30:00,1443.0,1443.0,1400.0,1409.5,11884664,1435.4428571428568,1433.7966666666666,2026,February,-0.02206341497259412
2026-02-20 15:30:00,1409.5,1427.4,1406.1,1419.4,8177670,1428.3999999999999,1430.97,2026,February,0.007023767293366401
2026-02-23 15:30:00,1425.0,1434.9,1418.3,1428.0,7758856,1425.4142857142858,1429.55,2026,February,0.006058898125968604
2026-02-24 15:30:00,1425.3,1433.3,1415.0,1428.8,12529409,1426.7285714285715,1428.0,2026,February,0.0005602240896358524
2026-02-25 15:30:00,1435.0,1440.5,1393.5,1398.5,10728792,1421.2142857142858,1425.1766666666667,2026,February,-0.021206606942889117
2026-02-26 15:30:00,1398.5,1412.9,1391.9,1406.8,16683858,1418.8999999999999,1423.6433333333334,2026,February,0.005934930282445405
2026-02-27 15:30:00,1398.0,1410.4,1388.1,1393.9,12031440,1412.1285714285716,1421.4799999999998,2026,February,-0.009169746943417545
2026-03-02 15:30:00,1375.5,1378.6,1341.5,1358.0,23728722,1404.7714285714287,1418.15,2026,March,-0.025755075686921702
2026-03-04 15:30:00,1330.0,1352.8,1307.0,1345.0,32495007,1394.142857142857,1415.8633333333332,2026,March,-0.009572901325478611
2026-03-05 15:30:00,1353.1,1399.0,1353.1,1389.4,25957532,1388.6285714285714,1415.7099999999998,2026,March,0.03301115241635699
2026-03-06 15:30:00,1396.5,1424.3,1390.3,1404.8,19311971,1385.2,1415.7166666666667,2026,March,0.011083921117028828
2026-03-09 15:30:00,1375.0,1429.4,1370.0,1424.0,24870822,1388.8428571428572,1416.4333333333334,2026,March,0.013667425968109326
2026-03-10 15:30:00,1430.6,1431.5,1400.6,1408.8,18071259,1389.1285714285716,1417.1899999999998,2026,March,-0.010674157303370846
2026-03-11 15:30:00,1424.9,1434.0,1383.6,1390.2,21848087,1388.6,1417.5133333333333,2026,March,-0.01320272572402037
2026-03-12 15:30:00,1390.0,1410.9,1381.1,1392.2,20939959,1393.4857142857145,1417.3633333333335,2026,March,0.0014386419220255853
2026-03-13 15:30:00,1385.2,1400.8,1378.4,1380.7,17265090,1398.5857142857144,1417.0200000000002,2026,March,-0.008260307427093827
2026-03-16 15:30:00,1380.0,1397.3,1363.5,1395.1,22837802,1399.3999999999999,1417.01,2026,March,0.010429492286521125
2026-03-17 15:30:00,1399.0,1405.9,1388.2,1397.6,19007744,1398.3714285714286,1417.25,2026,March,0.0017919862375457285
2026-03-18 15:30:00,1397.2,1412.9,1397.2,1408.1,9559327,1396.1000000000001,1416.2833333333333,2026,March,0.007512879221522661
2026-03-19 15:30:00,1388.0,1415.7,1376.1,1384.8,16498373,1392.6714285714286,1413.8833333333334,2026,March,-0.016547120232937917
2026-03-20 15:30:00,1398.0,1430.0,1396.1,1414.4,22994918,1396.1285714285714,1412.9166666666667,2026,March,0.02137492778740624
2026-03-23 15:30:00,1400.0,1415.6,1391.0,1407.8,18979554,1398.357142857143,1411.4833333333333,2026,March,-0.0046662895927602754
2026-03-24 15:30:00,1420.0,1422.4,1406.6,1411.8,18620893,1402.8,1409.8233333333335,2026,March,0.0028413126864610394
2026-03-25 15:30:00,1420.0,1430.5,1408.4,1413.1,19041331,1405.3714285714286,1408.3100000000002,2026,March,0.0009208103130755596
2026-03-27 15:30:00,1401.0,1404.7,1345.0,1348.1,23266517,1398.2999999999997,1404.29,2026,March,-0.04599816007359703
2026-03-30 15:30:00,1335.0,1365.0,1334.1,1343.9,24393861,1389.1285714285714,1400.79,2026,March,-0.0031154958830945656
2026-04-01 15:30:00,1384.2,1384.4,1362.9,1369.2,14404619,1386.8999999999999,1399.11,2026,April,0.018825805491480052
2026-04-02 15:30:00,1357.0,1358.2,1328.0,1350.5,21280051,1377.7714285714285,1396.2233333333331,2026,April,-0.013657610283377197
2026-04-06 15:30:00,1359.0,1359.0,1290.0,1304.7,29274881,1363.042857142857,1392.28,2026,April,-0.033913365420214725
2026-04-07 15:30:00,1295.0,1308.3,1291.0,1304.6,28388922,1347.7285714285715,1387.7233333333331,2026,April,-7.664597225420788e-05
2026-04-08 15:30:00,1349.0,1350.6,1326.2,1347.8,21817543,1338.3999999999999,1385.6666666666667,2026,April,0.033113598037712855
2026-04-09 15:30:00,1346.0,1350.0,1326.3,1330.0,20725390,1335.814285714286,1382.686666666667,2026,April,-0.013206707226591452
2026-04-10 15:30:00,1337.0,1352.3,1331.5,1350.2,19364461,1336.7142857142858,1380.0933333333335,2026,April,0.015187969924812084
2026-04-13 15:30:00,1321.2,1327.6,1310.0,1315.1,28753269,1328.9857142857143,1376.3033333333333,2026,April,-0.02599614871870848
2026-04-15 15:30:00,1337.0,1347.0,1334.2,1344.1,15313779,1328.0714285714287,1374.49,2026,April,0.022051555014827695
2026-04-16 15:30:00,1352.0,1353.8,1330.0,1343.3,30211012,1333.5857142857144,1372.3733333333332,2026,April,-0.0005951938099842957
2026-04-17 15:30:00,1340.0,1368.4,1340.0,1365.0,13869105,1342.2142857142858,1371.41,2026,April,0.01615424700364776
2026-04-20 15:30:00,1363.2,1373.0,1352.8,1363.3,13614733,1344.4285714285713,1371.5866666666668,2026,April,-0.0012454212454212632
2026-04-21 15:30:00,1359.0,1369.8,1350.1,1353.3,27293629,1347.7571428571428,1371.8633333333335,2026,April,-0.007335142668524863
2026-04-22 15:30:00,1350.3,1366.0,1349.1,1362.1,9525953,1349.4571428571428,1370.9533333333334,2026,April,0.006502623217320647
2026-04-23 15:30:00,1346.0,1355.5,1340.7,1343.4,16385079,1353.5,1368.9066666666665,2026,April,-0.013728801115923783
2026-04-24 15:30:00,1340.0,1345.9,1325.0,1327.8,11744802,1351.1714285714284,1365.7,2026,April,-0.011612326931666028
2026-04-27 15:30:00,1313.0,1371.6,1311.0,1365.8,24673098,1354.3857142857144,1364.2666666666667,2026,April,0.028618767886730012
2026-04-28 15:30:00,1358.0,1395.2,1357.0,1388.9,41027699,1357.8,1364.2233333333331,2026,April,0.016913164445746087
2026-04-29 15:30:00,1392.0,1433.8,1391.3,1425.4,30542143,1366.6714285714286,1365.3300000000002,2026,April,0.026279789761681993
2026-04-30 15:30:00,1409.0,1437.0,1393.1,1430.8,30957881,1377.7428571428572,1367.0,2026,April,0.0037884102708010126
2026-05-04 15:30:00,1433.4,1467.4,1433.4,1463.1,24035700,1392.1714285714286,1369.2666666666667,2026,May,0.022574783337992788
2026-05-05 15:30:00,1460.0,1473.4,1450.0,1463.6,23543341,1409.3428571428574,1371.4666666666667,2026,May,0.00034174014079702
2026-05-06 15:30:00,1463.0,1473.3,1427.5,1437.9,14221786,1425.0714285714287,1372.46,2026,May,-0.017559442470620246
2026-05-07 15:30:00,1438.8,1449.5,1430.3,1436.2,19816903,1435.1285714285714,1374.1733333333332,2026,May,-0.0011822797134710683
2026-05-08 15:30:00,1426.0,1442.8,1417.5,1435.2,8663105,1441.7428571428572,1374.8666666666666,2026,May,-0.0006962818548948979
2026-05-11 15:30:00,1420.0,1428.0,1382.0,1388.2,15261787,1436.4285714285713,1374.2133333333334,2026,May,-0.03274804905239692
2026-05-12 15:30:00,1392.0,1393.5,1360.3,1364.0,24357500,1426.8857142857144,1372.62,2026,May,-0.017432646592710044
2026-05-13 15:30:00,1361.4,1372.4,1352.4,1358.8,13797989,1411.9857142857143,1370.8100000000002,2026,May,-0.0038123167155426074
2026-05-14 15:30:00,1365.2,1378.0,1358.4,1361.8,17303059,1397.4428571428568,1371.2666666666667,2026,May,0.0022078304386223824
2026-05-15 15:30:00,1356.8,1364.8,1329.2,1336.4,19976192,1382.9428571428573,1371.0166666666667,2026,May,-0.018651784402995975
2026-05-18 15:30:00,1334.0,1342.0,1318.7,1335.9,13022473,1368.6142857142859,1369.9066666666668,2026,May,-0.00037413947919784363
2026-05-19 15:30:00,1338.7,1344.0,1318.4,1322.7,21665501,1352.542857142857,1368.98,2026,May,-0.009880979115203248
2026-05-20 15:30:00,1318.7,1362.9,1312.6,1359.7,13248515,1348.4714285714288,1370.8133333333333,2026,May,0.027973085355711858
2026-05-21 15:30:00,1367.2,1370.9,1345.2,1349.6,17150630,1346.4142857142856,1372.3133333333333,2026,May,-0.007428109141722539
2026-05-22 15:30:00,1350.0,1367.4,1349.1,1354.5,7105813,1345.8,1372.5366666666666,2026,May,0.0036307053941908585
2026-05-25 15:30:00,1366.8,1371.1,1357.0,1367.0,6750071,1346.542857142857,1373.77,2026,May,0.009228497600590524
2026-05-26 15:30:00,1360.1,1368.5,1352.4,1356.3,13769747,1349.3857142857144,1373.9733333333331,2026,May,-0.007827359180687665
2026-05-27 15:30:00,1353.0,1361.0,1348.6,1350.5,13215138,1351.4714285714285,1375.1533333333332,2026,May,-0.004276340042763338
2026-05-29 15:30:00,1364.0,1369.0,1317.0,1321.2,42634247,1351.2571428571428,1374.39,2026,May,-0.02169566827101066
2026-06-01 15:30:00,1332.5,1335.5,1318.5,1320.0,10700603,1345.5857142857144,1373.6133333333335,2026,June,-0.0009082652134423386
2026-06-02 15:30:00,1307.7,1327.8,1300.3,1314.6,23302785,1340.5857142857144,1371.9333333333334,2026,June,-0.004090909090909145
2026-06-03 15:30:00,1315.0,1324.0,1301.0,1313.2,20012293,1334.685714285714,1370.263333333333,2026,June,-0.0010649627263045192
2026-06-04 15:30:00,1301.0,1311.2,1293.1,1303.7,23474327,1325.642857142857,1368.6100000000001,2026,June,-0.007234236978373443
2026-06-05 15:30:00,1304.5,1306.0,1288.0,1291.0,17785223,1316.314285714286,1366.2400000000002,2026,June,-0.009741504947457291
2026-06-08 15:30:00,1277.0,1282.6,1259.2,1263.3,16494759,1303.857142857143,1363.57,2026,June,-0.021456235476374985
2026-06-09 15:30:00,1269.0,1274.2,1257.5,1269.2,23620214,1296.4285714285713,1361.6166666666666,2026,June,0.004670307923692052
2026-06-10 15:30:00,1275.0,1300.5,1254.4,1258.8,21012796,1287.685714285714,1358.05,2026,June,-0.008194138039710142
2026-06-11 15:30:00,1258.0,1276.0,1253.2,1263.0,13117486,1280.314285714286,1353.8533333333332,2026,June,0.003336510962821837
2026-06-12 15:30:00,1277.0,1297.0,1262.5,1293.0,11988785,1277.4285714285713,1349.4399999999998,2026,June,0.02375296912114022
2026-06-15 15:30:00,1315.3,1325.0,1303.3,1307.0,18633321,1277.8999999999999,1345.313333333333,2026,June,0.010827532869296164
2026-06-16 15:30:00,1313.4,1333.4,1306.4,1328.8,18513223,1283.3,1340.8366666666666,2026,June,0.016679418515684663
2026-06-17 15:30:00,1333.0,1334.0,1317.0,1332.7,10029170,1293.2142857142858,1336.4733333333331,2026,June,0.002934978928356591
2026-06-18 15:30:00,1330.0,1333.9,1322.0,1328.1,15494549,1301.6285714285714,1332.813333333333,2026,June,-0.0034516395287762514
2026-06-19 15:30:00,1328.0,1338.2,1305.3,1309.5,24887034,1308.8714285714286,1328.59,2026,June,-0.014004969505308273
2026-06-22 15:30:00,1316.7,1344.9,1314.1,1326.5,12931213,1317.9428571428573,1324.9666666666667,2026,June,0.012982054219167649
2026-06-23 15:30:00,1328.9,1333.0,1304.0,1309.5,15400184,1320.3,1322.3433333333335,2026,June,-0.012815680361854542
2026-06-24 15:30:00,1305.7,1322.0,1297.5,1313.6,11030917,1321.2428571428572,1320.6633333333334,2026,June,0.0031309660175637966
2026-06-25 15:30:00,1318.0,1328.0,1314.6,1318.1,12694362,1319.7142857142858,1319.3066666666668,2026,June,0.003425700365408124
2026-06-29 15:30:00,1308.0,1313.7,1292.6,1301.0,13757656,1315.185714285714,1317.28,2026,June,-0.012973219027387795
2026-06-30 15:30:00,1306.9,1306.9,1290.0,1293.9,15695263,1310.3,1315.8633333333335,2026,June,-0.005457340507301955
2026-07-01 15:30:00,1298.9,1312.2,1296.5,1308.0,7001401,1310.0857142857144,1314.9333333333334,2026,July,0.01089728727104089
2026-07-02 15:30:00,1310.0,1313.2,1299.0,1303.5,17795024,1306.8,1314.2933333333335,2026,July,-0.0034403669724770714
2026-07-03 15:30:00,1312.0,1312.0,1302.0,1304.0,7839550,1306.0142857142857,1312.4366666666667,2026,July,0.0003835826620637306
2026-07-06 15:30:00,1304.0,1325.6,1299.4,1321.3,7610709,1307.1142857142856,1311.493333333333,2026,July,0.013266871165644067
2026-07-07 15:30:00,1323.5,1328.0,1304.1,1308.4,14335554,1305.7285714285715,1309.9566666666665,2026,July,-0.009763112086581316
2026-07-08 15:30:00,1297.0,1302.3,1271.6,1275.9,19960868,1302.142857142857,1306.9199999999998,2026,July,-0.024839498624273926
2026-07-09 15:30:00,1277.1,1296.5,1274.2,1279.8,14651963,1300.1285714285716,1304.3700000000001,2026,July,0.0030566658829060955
2026-07-10 15:30:00,1291.9,1311.1,1287.8,1307.8,8412537,1300.1000000000001,1302.9466666666667,2026,July,0.021878418502891073
2026-07-13 15:30:00,1300.0,1306.4,1295.0,1296.9,9488352,1299.1571428571428,1302.1366666666665,2026,July,-0.008334607738186173
2026-07-14 15:30:00,1290.0,1308.0,1286.9,1293.0,13511284,1297.5857142857144,1301.2366666666667,2026,July,-0.0030071709461023666
2026-07-15 15:30:00,1294.1,1310.9,1294.1,1295.5,9577965,1293.9,1300.6,2026,July,0.0019334880123742515
2026-07-16 15:30:00,1295.5,1309.4,1291.8,1296.6,15631046,1292.2142857142858,1300.0466666666666,2026,July,0.0008490930142801556
2026-07-17 15:30:00,1300.0,1330.3,1296.1,1327.2,18302218,1299.542857142857,1300.8299999999997,2026,July,0.023600185099491133
2026-07-20 15:30:00,1317.2,1345.9,1314.9,1323.1,14305844,1305.7285714285715,1301.9,2026,July,-0.0030892103676914973
2026-07-21 15:30:00,1321.0,1326.9,1302.7,1303.7,12753410,1305.142857142857,1303.2466666666667,2026,July,-0.014662534955785511
2026-07-22 15:30:00,1302.0,1304.6,1280.7,1288.6,10840383,1303.957142857143,1303.8933333333332,2026,July,-0.011582419268236666
2026-07-23 15:30:00,1283.0,1287.3,1268.0,1272.2,12580741,1300.9857142857143,1304.3400000000001,2026,July,-0.012726990532360594
2026-07-24 15:30:00,1265.0,1283.4,1249.8,1278.0,9817000,1298.4857142857143,1304.8400000000001,2026,July,0.004559031598805108
2026-07-27 15:30:00,1288.2,1288.7,1278.0,1280.0,7163132,1296.1142857142856,1304.4066666666668,2026,July,0.0015649452269170805
2026-07-28 15:30:00,1275.0,1279.2,1265.9,1267.7,9312184,1287.6142857142856,1303.0966666666668,2026,July,-0.00960937499999992
